Calibracion,Mercado,Fuente_Cuotas,Gestion Capital,Banca Final,Monto Apostado,ROI,Total Apuestas,Win Rate,Max Drawdown
UNCAL,1X2,Real (Bet365),FLAT,$8.80,$16130.00,-6.15%,1613,29.82%,99.27%
UNCAL,1X2,Real (Bet365),KELLY,$0.96,$10280.61,-9.72%,428,28.74%,99.97%
UNCAL,1X2,Real (Bet365),HALF,$1.98,$8671.58,-11.51%,1420,30.99%,99.90%
UNCAL,1X2,Real (Bet365),QUARTER,$32.83,$9265.52,-10.44%,1779,29.51%,98.03%
UNCAL,1X2,Real (Bet365),EDGE,$1.95,$8014.17,-12.45%,1048,30.15%,99.89%
UNCAL,DOUBLE_CHANCE_1X,Sintético (Poisson/Arbitraje),FLAT,$582.32,$3960.00,-10.55%,396,51.77%,44.63%
UNCAL,DOUBLE_CHANCE_1X,Sintético (Poisson/Arbitraje),KELLY,$3.21,$8485.04,-11.75%,396,51.77%,99.77%
UNCAL,DOUBLE_CHANCE_1X,Sintético (Poisson/Arbitraje),HALF,$82.48,$8086.76,-11.35%,396,51.77%,93.13%
UNCAL,DOUBLE_CHANCE_1X,Sintético (Poisson/Arbitraje),QUARTER,$315.23,$6013.76,-11.39%,396,51.77%,71.33%
UNCAL,DOUBLE_CHANCE_1X,Sintético (Poisson/Arbitraje),EDGE,$88.98,$7363.10,-12.37%,396,51.77%,92.83%
UNCAL,DOUBLE_CHANCE_X2,Sintético (Poisson/Arbitraje),FLAT,$786.26,$4210.00,-5.08%,421,34.92%,38.79%
UNCAL,DOUBLE_CHANCE_X2,Sintético (Poisson/Arbitraje),KELLY,$11.34,$6760.82,-14.62%,420,35.00%,99.62%
UNCAL,DOUBLE_CHANCE_X2,Sintético (Poisson/Arbitraje),HALF,$205.11,$7954.13,-9.99%,421,34.92%,88.98%
UNCAL,DOUBLE_CHANCE_X2,Sintético (Poisson/Arbitraje),QUARTER,$538.45,$6130.67,-7.53%,421,34.92%,61.38%
UNCAL,DOUBLE_CHANCE_X2,Sintético (Poisson/Arbitraje),EDGE,$158.70,$8953.40,-9.40%,421,34.92%,93.07%
UNCAL,OVER,Real (Bet365),FLAT,$814.80,$4690.00,-3.95%,469,45.84%,35.46%
UNCAL,OVER,Real (Bet365),KELLY,$28.87,$7370.80,-13.18%,469,45.84%,99.19%
UNCAL,OVER,Real (Bet365),HALF,$288.59,$8761.99,-8.12%,469,45.84%,86.37%
UNCAL,OVER,Real (Bet365),QUARTER,$613.21,$6954.49,-5.56%,469,45.84%,59.05%
UNCAL,OVER,Real (Bet365),EDGE,$242.14,$8327.76,-9.10%,469,45.84%,87.75%
UNCAL,UNDER,Real (Bet365),FLAT,$792.10,$8350.00,-2.49%,835,38.20%,59.90%
UNCAL,UNDER,Real (Bet365),KELLY,$0.93,$55581.48,-1.80%,684,37.87%,99.99%
UNCAL,UNDER,Real (Bet365),HALF,$77.70,$34989.86,-2.64%,835,38.20%,99.02%
UNCAL,UNDER,Real (Bet365),QUARTER,$388.84,$17651.80,-3.46%,835,38.20%,88.18%
UNCAL,UNDER,Real (Bet365),EDGE,$68.46,$40686.80,-2.29%,835,38.20%,99.34%
UNCAL,BTTS,Sintético (Poisson/Arbitraje),FLAT,$927.12,$1090.00,-6.69%,109,44.95%,21.59%
UNCAL,BTTS,Sintético (Poisson/Arbitraje),KELLY,$335.15,$3006.69,-22.11%,109,44.95%,88.62%
UNCAL,BTTS,Sintético (Poisson/Arbitraje),HALF,$634.82,$2494.95,-14.64%,109,44.95%,63.55%
UNCAL,BTTS,Sintético (Poisson/Arbitraje),QUARTER,$815.21,$1615.20,-11.44%,109,44.95%,38.47%
UNCAL,BTTS,Sintético (Poisson/Arbitraje),EDGE,$616.40,$2554.97,-15.01%,109,44.95%,65.23%
UNCAL,BTTS_NO,Sintético (Poisson/Arbitraje),FLAT,$766.10,$8990.00,-2.60%,899,46.27%,52.08%
UNCAL,BTTS_NO,Sintético (Poisson/Arbitraje),KELLY,$0.92,$39176.01,-2.55%,822,46.11%,99.95%
UNCAL,BTTS_NO,Sintético (Poisson/Arbitraje),HALF,$123.46,$36248.86,-2.42%,899,46.27%,96.58%
UNCAL,BTTS_NO,Sintético (Poisson/Arbitraje),QUARTER,$467.04,$20636.38,-2.58%,899,46.27%,79.60%
UNCAL,BTTS_NO,Sintético (Poisson/Arbitraje),EDGE,$103.06,$36854.49,-2.43%,899,46.27%,97.33%
UNCAL,HOME_CLEAN_SHEET,Sintético (Poisson/Arbitraje),FLAT,$0.69,$13430.00,-7.44%,1343,24.57%,99.94%
UNCAL,HOME_CLEAN_SHEET,Sintético (Poisson/Arbitraje),KELLY,$0.92,$11431.62,-8.74%,520,28.65%,99.93%
UNCAL,HOME_CLEAN_SHEET,Sintético (Poisson/Arbitraje),HALF,$1.98,$16570.10,-6.02%,1153,25.59%,99.88%
UNCAL,HOME_CLEAN_SHEET,Sintético (Poisson/Arbitraje),QUARTER,$25.39,$16242.26,-6.00%,1487,24.14%,98.52%
UNCAL,HOME_CLEAN_SHEET,Sintético (Poisson/Arbitraje),EDGE,$1.92,$18487.59,-5.40%,1116,25.72%,99.89%
UNCAL,PORTFOLIO_REAL,Real (Bet365),FLAT,$6.78,$16540.00,-6.00%,1654,32.10%,99.47%
UNCAL,PORTFOLIO_REAL,Real (Bet365),KELLY,$0.99,$16699.61,-5.98%,434,30.41%,99.98%
UNCAL,PORTFOLIO_REAL,Real (Bet365),HALF,$1.99,$11189.37,-8.92%,1407,32.84%,99.92%
UNCAL,PORTFOLIO_REAL,Real (Bet365),QUARTER,$11.57,$11652.78,-8.48%,2140,31.73%,99.49%
UNCAL,PORTFOLIO_REAL,Real (Bet365),EDGE,$1.90,$11592.48,-8.61%,1241,32.47%,99.93%
UNCAL,PORTFOLIO,Mixto (Real + Sintético),FLAT,$9.97,$19670.00,-5.03%,1967,31.67%,99.15%
UNCAL,PORTFOLIO,Mixto (Real + Sintético),KELLY,$0.93,$4895.73,-20.41%,590,34.58%,99.91%
UNCAL,PORTFOLIO,Mixto (Real + Sintético),HALF,$1.94,$11780.54,-8.47%,1537,33.51%,99.81%
UNCAL,PORTFOLIO,Mixto (Real + Sintético),QUARTER,$6.70,$17503.37,-5.67%,2288,30.68%,99.62%
UNCAL,PORTFOLIO,Mixto (Real + Sintético),EDGE,$1.99,$11400.20,-8.75%,1294,33.00%,99.82%
ISO,1X2,Real (Bet365),FLAT,$214.90,$20410.00,-3.85%,2041,26.70%,98.27%
ISO,1X2,Real (Bet365),KELLY,$0.91,$23551.50,-4.24%,523,25.62%,99.98%
ISO,1X2,Real (Bet365),HALF,$1.98,$29988.52,-3.33%,1311,26.32%,99.93%
ISO,1X2,Real (Bet365),QUARTER,$34.61,$27464.56,-3.52%,2040,26.72%,98.89%
ISO,1X2,Real (Bet365),EDGE,$1.99,$24421.19,-4.09%,1110,26.22%,99.93%
ISO,DOUBLE_CHANCE_1X,Sintético (Poisson/Arbitraje),FLAT,$498.66,$5380.00,-9.32%,538,55.58%,51.41%
ISO,DOUBLE_CHANCE_1X,Sintético (Poisson/Arbitraje),KELLY,$1.39,$9113.78,-10.96%,536,55.78%,99.90%
ISO,DOUBLE_CHANCE_1X,Sintético (Poisson/Arbitraje),HALF,$59.03,$8607.51,-10.93%,538,55.58%,95.02%
ISO,DOUBLE_CHANCE_1X,Sintético (Poisson/Arbitraje),QUARTER,$274.75,$7117.69,-10.19%,538,55.58%,74.82%
ISO,DOUBLE_CHANCE_1X,Sintético (Poisson/Arbitraje),EDGE,$60.00,$8110.85,-11.59%,538,55.58%,94.72%
ISO,DOUBLE_CHANCE_X2,Sintético (Poisson/Arbitraje),FLAT,$787.19,$4740.00,-4.49%,474,48.95%,38.52%
ISO,DOUBLE_CHANCE_X2,Sintético (Poisson/Arbitraje),KELLY,$18.04,$12909.15,-7.61%,474,48.95%,99.51%
ISO,DOUBLE_CHANCE_X2,Sintético (Poisson/Arbitraje),HALF,$231.29,$12224.17,-6.29%,474,48.95%,88.95%
ISO,DOUBLE_CHANCE_X2,Sintético (Poisson/Arbitraje),QUARTER,$551.74,$8300.94,-5.40%,474,48.95%,64.29%
ISO,DOUBLE_CHANCE_X2,Sintético (Poisson/Arbitraje),EDGE,$231.78,$12661.68,-6.07%,474,48.95%,89.43%
ISO,OVER,Real (Bet365),FLAT,$839.00,$7440.00,-2.16%,744,52.02%,24.63%
ISO,OVER,Real (Bet365),KELLY,$11.96,$16846.32,-5.87%,744,52.02%,99.11%
ISO,OVER,Real (Bet365),HALF,$240.41,$20516.24,-3.70%,744,52.02%,79.79%
ISO,OVER,Real (Bet365),QUARTER,$595.96,$14496.91,-2.79%,744,52.02%,49.02%
ISO,OVER,Real (Bet365),EDGE,$210.09,$16954.36,-4.66%,744,52.02%,82.00%
ISO,UNDER,Real (Bet365),FLAT,$991.90,$7760.00,-0.10%,776,43.30%,43.44%
ISO,UNDER,Real (Bet365),KELLY,$8.09,$176244.33,-0.56%,776,43.30%,99.97%
ISO,UNDER,Real (Bet365),HALF,$275.77,$68774.41,-1.05%,776,43.30%,96.26%
ISO,UNDER,Real (Bet365),QUARTER,$698.14,$25830.32,-1.17%,776,43.30%,77.50%
ISO,UNDER,Real (Bet365),EDGE,$273.10,$75200.06,-0.97%,776,43.30%,97.41%
ISO,BTTS,Sintético (Poisson/Arbitraje),FLAT,$832.67,$3980.00,-4.20%,398,50.75%,32.23%
ISO,BTTS,Sintético (Poisson/Arbitraje),KELLY,$52.31,$9507.28,-9.97%,398,50.75%,97.86%
ISO,BTTS,Sintético (Poisson/Arbitraje),HALF,$340.07,$9337.81,-7.07%,398,50.75%,81.07%
ISO,BTTS,Sintético (Poisson/Arbitraje),QUARTER,$643.23,$6685.11,-5.34%,398,50.75%,53.64%
ISO,BTTS,Sintético (Poisson/Arbitraje),EDGE,$376.39,$9248.06,-6.74%,398,50.75%,80.58%
ISO,BTTS_NO,Sintético (Poisson/Arbitraje),FLAT,$531.35,$8770.00,-5.34%,877,43.44%,68.02%
ISO,BTTS_NO,Sintético (Poisson/Arbitraje),KELLY,$0.94,$16639.93,-6.00%,686,44.75%,99.93%
ISO,BTTS_NO,Sintético (Poisson/Arbitraje),HALF,$31.03,$18821.87,-5.15%,877,43.44%,98.92%
ISO,BTTS_NO,Sintético (Poisson/Arbitraje),QUARTER,$232.17,$13784.65,-5.57%,877,43.44%,87.56%
ISO,BTTS_NO,Sintético (Poisson/Arbitraje),EDGE,$31.02,$19103.31,-5.07%,877,43.44%,98.91%
ISO,HOME_CLEAN_SHEET,Sintético (Poisson/Arbitraje),FLAT,$153.20,$11170.00,-7.58%,1117,22.74%,97.36%
ISO,HOME_CLEAN_SHEET,Sintético (Poisson/Arbitraje),KELLY,$0.92,$47902.50,-2.09%,461,25.16%,99.99%
ISO,HOME_CLEAN_SHEET,Sintético (Poisson/Arbitraje),HALF,$1.93,$25577.89,-3.90%,1082,23.01%,99.95%
ISO,HOME_CLEAN_SHEET,Sintético (Poisson/Arbitraje),QUARTER,$98.12,$16878.60,-5.34%,1117,22.74%,96.22%
ISO,HOME_CLEAN_SHEET,Sintético (Poisson/Arbitraje),EDGE,$1.96,$20766.28,-4.81%,955,23.56%,99.94%
ISO,PORTFOLIO_REAL,Real (Bet365),FLAT,$7.53,$19790.00,-5.02%,1979,31.83%,99.56%
ISO,PORTFOLIO_REAL,Real (Bet365),KELLY,$0.95,$31991.55,-3.12%,762,32.41%,99.99%
ISO,PORTFOLIO_REAL,Real (Bet365),HALF,$1.91,$42920.24,-2.33%,1569,32.63%,99.95%
ISO,PORTFOLIO_REAL,Real (Bet365),QUARTER,$20.77,$39190.83,-2.50%,2260,32.04%,99.54%
ISO,PORTFOLIO_REAL,Real (Bet365),EDGE,$1.91,$35577.57,-2.81%,1313,32.22%,99.94%
ISO,PORTFOLIO,Mixto (Real + Sintético),FLAT,$357.85,$23210.00,-2.77%,2321,29.21%,91.69%
ISO,PORTFOLIO,Mixto (Real + Sintético),KELLY,$0.95,$73553.81,-1.36%,894,32.10%,99.99%
ISO,PORTFOLIO,Mixto (Real + Sintético),HALF,$1.93,$107261.32,-0.93%,1731,30.27%,99.96%
ISO,PORTFOLIO,Mixto (Real + Sintético),QUARTER,$42.51,$72879.15,-1.31%,2321,29.21%,99.26%
ISO,PORTFOLIO,Mixto (Real + Sintético),EDGE,$1.90,$91806.66,-1.09%,1598,30.85%,99.96%
SIG,1X2,Real (Bet365),FLAT,$249.80,$19920.00,-3.77%,1992,24.20%,96.71%
SIG,1X2,Real (Bet365),KELLY,$0.91,$25732.26,-3.88%,703,24.04%,99.98%
SIG,1X2,Real (Bet365),HALF,$1.95,$44922.69,-2.22%,1573,24.60%,99.94%
SIG,1X2,Real (Bet365),QUARTER,$58.87,$35326.63,-2.66%,1992,24.20%,98.66%
SIG,1X2,Real (Bet365),EDGE,$1.98,$47319.67,-2.11%,1157,23.94%,99.93%
SIG,DOUBLE_CHANCE_1X,Sintético (Poisson/Arbitraje),FLAT,$368.84,$4690.00,-13.46%,469,47.76%,65.88%
SIG,DOUBLE_CHANCE_1X,Sintético (Poisson/Arbitraje),KELLY,$0.96,$5229.27,-19.10%,392,47.45%,99.93%
SIG,DOUBLE_CHANCE_1X,Sintético (Poisson/Arbitraje),HALF,$26.71,$5672.27,-17.16%,469,47.76%,97.84%
SIG,DOUBLE_CHANCE_1X,Sintético (Poisson/Arbitraje),QUARTER,$184.92,$5164.33,-15.78%,469,47.76%,83.41%
SIG,DOUBLE_CHANCE_1X,Sintético (Poisson/Arbitraje),EDGE,$27.28,$6361.27,-15.29%,469,47.76%,97.95%
SIG,DOUBLE_CHANCE_X2,Sintético (Poisson/Arbitraje),FLAT,$1057.44,$4200.00,1.37%,420,47.38%,27.73%
SIG,DOUBLE_CHANCE_X2,Sintético (Poisson/Arbitraje),KELLY,$100.35,$19663.37,-4.58%,420,47.38%,98.70%
SIG,DOUBLE_CHANCE_X2,Sintético (Poisson/Arbitraje),HALF,$509.45,$14769.91,-3.32%,420,47.38%,85.27%
SIG,DOUBLE_CHANCE_X2,Sintético (Poisson/Arbitraje),QUARTER,$804.80,$8488.56,-2.30%,420,47.38%,59.08%
SIG,DOUBLE_CHANCE_X2,Sintético (Poisson/Arbitraje),EDGE,$616.71,$17310.89,-2.21%,420,47.38%,86.06%
SIG,OVER,Real (Bet365),FLAT,$871.30,$5530.00,-2.33%,553,48.64%,24.20%
SIG,OVER,Real (Bet365),KELLY,$15.83,$7685.16,-12.81%,553,48.64%,98.74%
SIG,OVER,Real (Bet365),HALF,$235.66,$10468.33,-7.30%,553,48.64%,83.04%
SIG,OVER,Real (Bet365),QUARTER,$567.38,$8619.57,-5.02%,553,48.64%,54.78%
SIG,OVER,Real (Bet365),EDGE,$309.11,$11020.41,-6.27%,553,48.64%,82.02%
SIG,UNDER,Real (Bet365),FLAT,$728.30,$7880.00,-3.45%,788,38.83%,56.77%
SIG,UNDER,Real (Bet365),KELLY,$0.93,$142008.59,-0.70%,728,38.74%,99.99%
SIG,UNDER,Real (Bet365),HALF,$116.32,$57504.42,-1.54%,788,38.83%,98.57%
SIG,UNDER,Real (Bet365),QUARTER,$463.71,$22346.30,-2.40%,788,38.83%,86.06%
SIG,UNDER,Real (Bet365),EDGE,$90.99,$54013.63,-1.68%,788,38.83%,98.88%
SIG,BTTS,Sintético (Poisson/Arbitraje),FLAT,$887.71,$2720.00,-4.13%,272,48.53%,23.30%
SIG,BTTS,Sintético (Poisson/Arbitraje),KELLY,$84.55,$7556.13,-12.12%,272,48.53%,94.43%
SIG,BTTS,Sintético (Poisson/Arbitraje),HALF,$381.31,$6765.10,-9.15%,272,48.53%,72.95%
SIG,BTTS,Sintético (Poisson/Arbitraje),QUARTER,$660.37,$4547.16,-7.47%,272,48.53%,46.22%
SIG,BTTS,Sintético (Poisson/Arbitraje),EDGE,$410.18,$6676.96,-8.83%,272,48.53%,72.01%
SIG,BTTS_NO,Sintético (Poisson/Arbitraje),FLAT,$660.34,$6890.00,-4.93%,689,41.51%,60.76%
SIG,BTTS_NO,Sintético (Poisson/Arbitraje),KELLY,$0.98,$34355.92,-2.91%,619,41.20%,99.96%
SIG,BTTS_NO,Sintético (Poisson/Arbitraje),HALF,$77.40,$22434.47,-4.11%,689,41.51%,98.06%
SIG,BTTS_NO,Sintético (Poisson/Arbitraje),QUARTER,$345.64,$12658.69,-5.17%,689,41.51%,83.91%
SIG,BTTS_NO,Sintético (Poisson/Arbitraje),EDGE,$70.66,$23573.76,-3.94%,689,41.51%,98.40%
SIG,HOME_CLEAN_SHEET,Sintético (Poisson/Arbitraje),FLAT,$154.40,$10750.00,-7.87%,1075,21.86%,95.98%
SIG,HOME_CLEAN_SHEET,Sintético (Poisson/Arbitraje),KELLY,$0.97,$48070.63,-2.08%,433,24.25%,99.99%
SIG,HOME_CLEAN_SHEET,Sintético (Poisson/Arbitraje),HALF,$2.79,$23828.32,-4.18%,1041,22.19%,99.95%
SIG,HOME_CLEAN_SHEET,Sintético (Poisson/Arbitraje),QUARTER,$97.22,$15851.74,-5.70%,1075,21.86%,96.54%
SIG,HOME_CLEAN_SHEET,Sintético (Poisson/Arbitraje),EDGE,$1.99,$17675.38,-5.65%,909,22.88%,99.93%
SIG,PORTFOLIO_REAL,Real (Bet365),FLAT,$0.91,$18690.00,-5.35%,1869,26.81%,99.94%
SIG,PORTFOLIO_REAL,Real (Bet365),KELLY,$0.98,$12686.04,-7.87%,523,25.43%,99.96%
SIG,PORTFOLIO_REAL,Real (Bet365),HALF,$1.94,$19074.16,-5.23%,1242,26.65%,99.91%
SIG,PORTFOLIO_REAL,Real (Bet365),QUARTER,$11.39,$21880.04,-4.52%,2167,27.13%,99.55%
SIG,PORTFOLIO_REAL,Real (Bet365),EDGE,$1.91,$21377.00,-4.67%,1181,26.76%,99.92%
SIG,PORTFOLIO,Mixto (Real + Sintético),FLAT,$2.47,$20850.00,-4.78%,2085,24.36%,99.86%
SIG,PORTFOLIO,Mixto (Real + Sintético),KELLY,$0.90,$29860.88,-3.35%,691,25.18%,99.98%
SIG,PORTFOLIO,Mixto (Real + Sintético),HALF,$1.99,$49474.72,-2.02%,1533,25.64%,99.94%
SIG,PORTFOLIO,Mixto (Real + Sintético),QUARTER,$16.67,$40633.52,-2.42%,2282,24.67%,99.70%
SIG,PORTFOLIO,Mixto (Real + Sintético),EDGE,$1.92,$54896.76,-1.82%,1280,25.31%,99.95%
